Floor,Section,DeskNumber
1,A,1.A.101
1,A,1.A.102
1,A,1.A.103
1,A,1.A.104
1,A,1.A.105
1,A,1.A.106
1,A,1.A.107
1,A,1.A.108
1,A,1.A.109
1,A,1.A.110
1,A,1.A.111
1,A,1.A.112
1,A,1.A.113
1,A,1.A.114
1,A,1.A.115
1,A,1.A.116
1,A,1.A.117
1,A,1.A.118
1,A,1.A.119
1,A,1.A.120
1,A,1.A.121
1,A,1.A.122
1,A,1.A.123
1,A,1.A.124
1,A,1.A.125
1,A,1.A.126
1,A,1.A.127
1,A,1.A.128
1,A,1.A.129
1,A,1.A.130
1,A,1.A.131
1,A,1.A.132
1,A,1.A.133
1,A,1.A.134
1,A,1.A.135
1,A,1.A.136
1,A,1.A.137
1,A,1.A.138
1,A,1.A.139
1,A,1.A.140
1,A,1.A.141
1,A,1.A.142
1,A,1.A.143
1,A,1.A.144
1,A,1.A.145
1,A,1.A.146
1,A,1.A.147
1,A,1.A.148
1,A,1.A.149
1,A,1.A.150
1,A,1.A.151
1,A,1.A.152
1,A,1.A.153
1,A,1.A.154
1,A,1.A.155
1,A,1.A.156
1,A,1.A.157
1,A,1.A.158
1,A,1.A.159
1,A,1.A.160
1,A,1.A.161
1,A,1.A.162
1,A,1.A.163
1,A,1.A.164
1,A,1.A.165
1,A,1.A.166
1,A,1.A.167
1,A,1.A.168
1,A,1.A.169
1,A,1.A.170
1,A,1.A.171
1,A,1.A.172
1,A,1.A.173
1,A,1.A.174
1,A,1.A.175
1,A,1.A.176
1,A,1.A.177
1,A,1.A.178
1,A,1.A.179
1,A,1.A.180
1,A,1.A.181
1,A,1.A.182
1,A,1.A.183
1,A,1.A.184
1,A,1.A.185
1,A,1.A.186
1,A,1.A.187
1,A,1.A.188
1,A,1.A.189
1,A,1.A.190
1,A,1.A.191
1,A,1.A.192
1,A,1.A.193
1,A,1.A.194
1,A,1.A.195
1,A,1.A.196
1,B,1.B.101
1,B,1.B.102
1,B,1.B.103
1,B,1.B.104
1,B,1.B.105
1,B,1.B.106
1,B,1.B.107
1,B,1.B.108
1,B,1.B.109
1,B,1.B.110
1,B,1.B.111
1,B,1.B.112
1,B,1.B.113
1,B,1.B.114
1,B,1.B.115
1,B,1.B.116
1,B,1.B.117
1,B,1.B.118
1,B,1.B.119
1,B,1.B.120
1,B,1.B.121
1,B,1.B.122
1,B,1.B.123
1,B,1.B.124
1,B,1.B.125
1,B,1.B.126
1,B,1.B.127
1,B,1.B.128
1,B,1.B.129
1,B,1.B.130
1,B,1.B.131
1,B,1.B.132
1,B,1.B.133
1,B,1.B.134
1,B,1.B.135
1,B,1.B.136
1,B,1.B.137
1,B,1.B.138
1,B,1.B.139
1,B,1.B.140
1,B,1.B.141
1,B,1.B.142
1,B,1.B.143
1,B,1.B.144
1,B,1.B.145
1,B,1.B.146
1,B,1.B.147
1,B,1.B.148
1,B,1.B.149
1,B,1.B.150
1,B,1.B.151
1,B,1.B.152
1,B,1.B.153
1,B,1.B.154
2,A,2.A.101
2,A,2.A.102
2,A,2.A.103
2,A,2.A.104
2,A,2.A.105
2,A,2.A.106
2,A,2.A.107
2,A,2.A.108
2,A,2.A.109
2,A,2.A.110
2,A,2.A.111
2,A,2.A.112
2,A,2.A.113
2,A,2.A.114
2,A,2.A.115
2,A,2.A.116
2,A,2.A.117
2,A,2.A.118
2,A,2.A.119
2,A,2.A.120
2,A,2.A.121
2,A,2.A.122
2,A,2.A.123
2,A,2.A.124
2,A,2.A.125
2,A,2.A.126
2,A,2.A.127
2,A,2.A.128
2,A,2.A.129
2,A,2.A.130
2,A,2.A.131
2,A,2.A.132
2,A,2.A.133
2,A,2.A.134
2,A,2.A.135
2,A,2.A.136
2,A,2.A.137
2,A,2.A.138
2,A,2.A.139
2,A,2.A.140
2,A,2.A.141
2,A,2.A.142
2,A,2.A.143
2,A,2.A.144
2,A,2.A.145
2,A,2.A.146
2,A,2.A.147
2,A,2.A.148
2,A,2.A.149
2,A,2.A.150
2,A,2.A.151
2,A,2.A.152
2,A,2.A.153
2,A,2.A.154
2,A,2.A.155
2,A,2.A.156
2,A,2.A.157
2,A,2.A.158
2,A,2.A.159
2,A,2.A.160
2,A,2.A.161
2,A,2.A.162
2,A,2.A.163
2,A,2.A.164
2,A,2.A.165
2,A,2.A.166
2,A,2.A.167
2,A,2.A.168
2,A,2.A.169
2,A,2.A.170
2,A,2.A.171
2,A,2.A.172
2,A,2.A.173
2,A,2.A.174
2,A,2.A.175
2,A,2.A.176
2,A,2.A.177
2,A,2.A.178
2,A,2.A.179
2,A,2.A.180
2,A,2.A.181
2,A,2.A.182
2,A,2.A.183
2,A,2.A.184
2,A,2.A.185
2,A,2.A.186
2,A,2.A.187
2,A,2.A.188
2,A,2.A.189
2,A,2.A.190
2,A,2.A.191
2,A,2.A.192
2,A,2.A.193
2,A,2.A.194
2,A,2.A.195
2,A,2.A.196
2,A,2.A.197
2,A,2.A.198
2,A,2.A.199
2,A,2.A.200
2,A,2.A.201
2,A,2.A.202
2,A,2.A.203
2,A,2.A.204
2,A,2.A.205
2,A,2.A.206
2,A,2.A.207
2,A,2.A.208
2,A,2.A.209
2,A,2.A.210
2,A,2.A.211
2,A,2.A.212
2,A,2.A.213
2,A,2.A.214
2,A,2.A.215
2,A,2.A.216
2,A,2.A.217
2,A,2.A.218
2,A,2.A.219
2,A,2.A.220
2,A,2.A.221
2,A,2.A.222
2,A,2.A.223
2,A,2.A.224
2,A,2.A.225
2,A,2.A.226
2,A,2.A.227
2,A,2.A.228
2,A,2.A.229
2,A,2.A.230
2,A,2.A.231
2,A,2.A.232
2,A,2.A.233
2,A,2.A.234
2,A,2.A.235
2,A,2.A.236
2,A,2.A.237
2,A,2.A.238
2,A,2.A.239
2,A,2.A.240
2,A,2.A.241
2,A,2.A.242
2,A,2.A.243
2,A,2.A.244
2,A,2.A.245
2,A,2.A.246
2,A,2.A.247
2,A,2.A.248
2,A,2.A.249
2,A,2.A.250
2,A,2.A.251
2,A,2.A.252
2,A,2.A.253
2,A,2.A.254
2,A,2.A.255
2,A,2.A.256
2,A,2.A.257
2,A,2.A.258
2,A,2.A.259
2,A,2.A.260
2,A,2.A.261
2,A,2.A.262
2,A,2.A.263
2,A,2.A.264
2,A,2.A.265
2,A,2.A.266
2,A,2.A.267
2,A,2.A.268
2,A,2.A.269
2,A,2.A.270
2,A,2.A.271
2,A,2.A.272
2,A,2.A.273
2,A,2.A.274
2,A,2.A.275
2,A,2.A.276
2,A,2.A.277
2,A,2.A.278
2,A,2.A.279
2,A,2.A.280
2,A,2.A.281
2,A,2.A.282
2,A,2.A.283
2,A,2.A.284
2,A,2.A.285
2,A,2.A.286
2,A,2.A.287
2,A,2.A.288
2,A,2.A.289
2,A,2.A.290
2,A,2.A.291
2,A,2.A.292
2,A,2.A.293
2,A,2.A.294
2,A,2.A.295
2,A,2.A.296
2,A,2.A.297
2,A,2.A.298
2,A,2.A.299
2,A,2.A.300
2,A,2.A.301
2,A,2.A.302
2,A,2.A.303
2,A,2.A.304
2,A,2.A.305
2,A,2.A.306
2,A,2.A.307
2,A,2.A.308
2,A,2.A.309
2,A,2.A.310
2,A,2.A.311
2,A,2.A.312
2,A,2.A.313
2,A,2.A.314
2,A,2.A.315
2,A,2.A.316
2,A,2.A.317
2,A,2.A.318
2,A,2.A.319
2,A,2.A.320
2,A,2.A.321
2,A,2.A.322
2,A,2.A.323
2,A,2.A.324
2,A,2.A.325
2,A,2.A.326
2,A,2.A.327
2,A,2.A.328
2,A,2.A.329
2,A,2.A.330
2,A,2.A.331
2,A,2.A.332
2,A,2.A.333
2,A,2.A.334
2,A,2.A.335
2,A,2.A.336
2,A,2.A.337
2,A,2.A.338
2,A,2.A.339
2,A,2.A.340
2,A,2.A.341
2,A,2.A.342
2,A,2.A.343
2,A,2.A.344
2,A,2.A.345
2,A,2.A.346
2,A,2.A.347
2,A,2.A.348
2,A,2.A.349
2,A,2.A.350
2,A,2.A.351
2,A,2.A.352
2,A,2.A.353
2,A,2.A.354
2,A,2.A.355
2,A,2.A.356
2,A,2.A.357
2,A,2.A.358
2,A,2.A.359
2,A,2.A.360
2,A,2.A.361
2,A,2.A.362
2,A,2.A.363
2,A,2.A.364
2,B,2.B.101
2,B,2.B.102
2,B,2.B.103
2,B,2.B.104
2,B,2.B.105
2,B,2.B.106
2,B,2.B.107
2,B,2.B.108
2,B,2.B.109
2,B,2.B.110
2,B,2.B.111
2,B,2.B.112
2,B,2.B.113
2,B,2.B.114
2,B,2.B.115
2,B,2.B.116
2,B,2.B.117
2,B,2.B.118
2,B,2.B.119
2,B,2.B.120
2,B,2.B.121
2,B,2.B.122
2,B,2.B.123
2,B,2.B.124
2,B,2.B.125
2,B,2.B.126
2,B,2.B.127
2,B,2.B.128
2,B,2.B.129
2,B,2.B.130
2,B,2.B.131
2,B,2.B.132
2,B,2.B.133
2,B,2.B.134
2,B,2.B.135
2,B,2.B.136
2,B,2.B.137
2,B,2.B.138
2,B,2.B.139
2,B,2.B.140
2,B,2.B.141
2,B,2.B.142
2,B,2.B.143
2,B,2.B.144
2,B,2.B.145
2,B,2.B.146
2,B,2.B.147
2,B,2.B.148
2,B,2.B.149
2,B,2.B.150
2,B,2.B.151 - FUTURE
2,B,2.B.152 - FUTURE
2,B,2.B.153
2,B,2.B.154
2,B,2.B.155
2,B,2.B.156
2,B,2.B.157
2,B,2.B.158
2,B,2.B.159
2,B,2.B.160
2,B,2.B.161
2,B,2.B.162
2,B,2.B.163
2,B,2.B.164
2,B,2.B.165
2,B,2.B.166
2,B,2.B.167
2,B,2.B.168
2,B,2.B.169
2,B,2.B.170
2,B,2.B.171
2,B,2.B.172
2,B,2.B.173
2,B,2.B.174
2,B,2.B.175
2,B,2.B.176
2,B,2.B.177
2,B,2.B.178
2,B,2.B.179
2,B,2.B.180
2,B,2.B.181
2,B,2.B.182
2,B,2.B.183
2,B,2.B.184
2,B,2.B.185
2,B,2.B.186
2,B,2.B.187
2,B,2.B.188
2,B,2.B.189
2,B,2.B.190
2,B,2.B.191
2,B,2.B.192
2,B,2.B.193
2,B,2.B.194
2,B,2.B.195
2,B,2.B.196
2,B,2.B.197
2,B,2.B.198
2,B,2.B.199
2,B,2.B.200
2,B,2.B.201
2,B,2.B.202
2,B,2.B.203
2,B,2.B.204
2,B,2.B.205
2,B,2.B.206
2,B,2.B.207
2,B,2.B.208
2,B,2.B.209
2,B,2.B.210
2,B,2.B.211
2,B,2.B.212
2,B,2.B.213 - FUTURE
2,B,2.B.214 - FUTURE
2,B,2.B.215
2,B,2.B.216
2,B,2.B.217
2,B,2.B.218
2,B,2.B.219
2,B,2.B.220
2,B,2.B.221
2,B,2.B.222
2,B,2.B.223
2,B,2.B.224
2,B,2.B.225
2,B,2.B.226
2,B,2.B.227
2,B,2.B.228
2,B,2.B.229
2,B,2.B.230
2,B,2.B.231
2,B,2.B.232
2,B,2.B.233
2,B,2.B.234
2,B,2.B.235
2,B,2.B.236
2,B,2.B.237
2,B,2.B.238
2,B,2.B.239
2,B,2.B.240
2,B,2.B.241
2,B,2.B.242
2,B,2.B.243
2,B,2.B.244
2,B,2.B.245
2,B,2.B.246
2,B,2.B.247
2,B,2.B.248
2,B,2.B.249
2,B,2.B.250
2,B,2.B.251
2,B,2.B.252
2,B,2.B.253
2,B,2.B.254
2,B,2.B.255
2,B,2.B.256
2,B,2.B.257
2,B,2.B.258
2,B,2.B.259
2,B,2.B.260
2,B,2.B.261
2,B,2.B.262
2,B,2.B.263
2,B,2.B.264
2,B,2.B.265
2,B,2.B.266
2,B,2.B.267
2,B,2.B.268
2,B,2.B.269
2,B,2.B.270
2,B,2.B.271
2,B,2.B.272
2,B,2.B.273
2,B,2.B.274
2,B,2.B.275
2,B,2.B.276
2,B,2.B.277
2,B,2.B.278
2,B,2.B.279
2,B,2.B.280
2,B,2.B.281
2,B,2.B.282
2,B,2.B.283
2,B,2.B.284
2,B,2.B.285
2,B,2.B.286
2,B,2.B.287
2,B,2.B.288
2,B,2.B.289
2,B,2.B.290
2,B,2.B.291
2,B,2.B.292
2,B,2.B.293
2,B,2.B.294
2,B,2.B.295
2,B,2.B.296
2,B,2.B.297
2,B,2.B.298
2,B,2.B.299
2,B,2.B.300
2,B,2.B.301
2,B,2.B.302
2,B,2.B.303
2,B,2.B.304
2,B,2.B.305
2,B,2.B.306
2,B,2.B.307
2,B,2.B.308
2,B,2.B.309
2,B,2.B.310
2,B,2.B.311
2,B,2.B.312
2,B,2.B.313
2,B,2.B.314
2,B,2.B.315
2,B,2.B.316
2,B,2.B.317
2,B,2.B.318
2,B,2.B.319
2,B,2.B.320
2,B,2.B.321
2,B,2.B.322
2,B,2.B.323
2,B,2.B.324
2,B,2.B.325
2,B,2.B.326
2,B,2.B.327
2,B,2.B.328
2,B,2.B.329
2,B,2.B.330
3,A,3.A.101
3,A,3.A.102
3,A,3.A.103
3,A,3.A.104
3,A,3.A.105
3,A,3.A.106
3,A,3.A.107
3,A,3.A.108
3,A,3.A.109
3,A,3.A.110
3,A,3.A.111
3,A,3.A.112
3,A,3.A.113
3,A,3.A.114
3,A,3.A.115
3,A,3.A.116
3,A,3.A.117
3,A,3.A.118
3,A,3.A.119
3,A,3.A.120
3,A,3.A.121 - FUTURE
3,A,3.A.122
3,A,3.A.123
3,A,3.A.124
3,A,3.A.125
3,A,3.A.126
3,A,3.A.127 - FUTURE
3,A,3.A.128 - FUTURE
3,A,3.A.129
3,A,3.A.130
3,A,3.A.131
3,A,3.A.132
3,A,3.A.133 - FUTURE
3,A,3.A.134
3,A,3.A.135
3,A,3.A.136
3,A,3.A.137
3,A,3.A.138
3,A,3.A.139 -FUTURE
3,A,3.A.140 - FUTURE
3,A,3.A.141
3,A,3.A.142
3,A,3.A.143
3,A,3.A.144
3,A,3.A.145
3,A,3.A.146
3,A,3.A.147
3,A,3.A.148
3,A,3.A.149
3,A,3.A.150
3,A,3.A.151
3,A,3.A.152
3,A,3.A.153
3,A,3.A.154
3,A,3.A.155
3,A,3.A.156
3,A,3.A.157
3,A,3.A.158
3,A,3.A.159
3,A,3.A.160
3,A,3.A.161
3,A,3.A.162
3,A,3.A.163
3,A,3.A.164
3,A,3.A.165
3,A,3.A.166
3,A,3.A.167
3,A,3.A.168
3,A,3.A.169
3,A,3.A.170
3,A,3.A.171
3,A,3.A.172
3,A,3.A.173
3,A,3.A.174
3,A,3.A.175
3,A,3.A.176
3,A,3.A.177
3,A,3.A.178
3,A,3.A.179
3,A,3.A.180
3,A,3.A.181
3,A,3.A.182
3,A,3.A.183
3,A,3.A.184
3,A,3.A.185
3,A,3.A.186
3,A,3.A.187
3,A,3.A.188
3,A,3.A.189
3,A,3.A.190
3,A,3.A.191
3,A,3.A.192
3,A,3.A.193
3,A,3.A.194
3,A,3.A.195
3,A,3.A.196
3,A,3.A.197
3,A,3.A.198
3,A,3.A.199
3,A,3.A.200
3,A,3.A.201
3,A,3.A.202
3,A,3.A.203
3,A,3.A.204
3,A,3.A.205
3,A,3.A.206
3,A,3.A.207
3,A,3.A.208
3,A,3.A.209
3,A,3.A.210
3,A,3.A.211
3,A,3.A.212
3,A,3.A.213
3,A,3.A.214
3,A,3.A.215
3,A,3.A.216
3,A,3.A.217
3,A,3.A.218
3,A,3.A.219
3,A,3.A.220
3,A,3.A.221
3,A,3.A.222
3,A,3.A.223
3,A,3.A.224
3,A,3.A.225
3,A,3.A.226
3,A,3.A.227
3,A,3.A.228
3,A,3.A.229
3,A,3.A.230
3,A,3.A.231
3,A,3.A.232
3,A,3.A.233
3,A,3.A.234
3,A,3.A.235
3,A,3.A.236
3,A,3.A.237
3,A,3.A.238
3,A,3.A.239
3,A,3.A.240
3,A,3.A.241
3,A,3.A.242
3,A,3.A.243
3,A,3.A.244
3,A,3.A.245
3,A,3.A.246
3,A,3.A.247
3,A,3.A.248
3,A,3.A.249
3,A,3.A.250
3,A,3.A.251
3,A,3.A.252
3,A,3.A.253
3,A,3.A.254
3,A,3.A.255
3,A,3.A.256
3,A,3.A.257
3,A,3.A.258
3,A,3.A.259 - FUTURE
3,A,3.A.260
3,A,3.A.261
3,A,3.A.262
3,A,3.A.263
3,A,3.A.264
3,A,3.A.265
3,A,3.A.266
3,A,3.A.267
3,A,3.A.268
3,A,3.A.269
3,A,3.A.270
3,A,3.A.271
3,A,3.A.272 - FUTURE
3,A,3.A.273
3,A,3.A.274
3,A,3.A.275
3,A,3.A.276
3,A,3.A.277
3,A,3.A.278
3,A,3.A.279
3,A,3.A.280
3,A,3.A.281
3,A,3.A.282
3,A,3.A.283
3,A,3.A.284
3,A,3.A.285
3,A,3.A.286
3,A,3.A.287
3,A,3.A.288
3,A,3.A.289
3,A,3.A.290
3,A,3.A.291
3,A,3.A.292
3,A,3.A.293
3,A,3.A.294
3,A,3.A.295
3,A,3.A.296
3,A,3.A.297
3,A,3.A.298
3,A,3.A.299
3,A,3.A.300
3,A,3.A.301
3,A,3.A.302
3,A,3.A.303
3,A,3.A.304
3,A,3.A.305
3,A,3.A.306
3,A,3.A.307
3,A,3.A.308
3,A,3.A.309
3,A,3.A.310
3,A,3.A.311
3,A,3.A.312
3,A,3.A.313
3,A,3.A.314
3,A,3.A.315
3,A,3.A.316
3,A,3.A.317
3,A,3.A.318
3,A,3.A.319
3,A,3.A.320
3,A,3.A.321
3,A,3.A.322
3,A,3.A.323
3,A,3.A.324
3,A,3.A.325
3,A,3.A.326
3,A,3.A.327
3,A,3.A.328
3,A,3.A.329
3,A,3.A.330
3,A,3.A.331
3,A,3.A.332
3,A,3.A.333
3,A,3.A.334
3,A,3.A.335
3,A,3.A.336
3,A,3.A.337
3,A,3.A.338
3,A,3.A.339
3,A,3.A.340 - FUTURE
3,A,3.A.341 - FUTURE
3,A,3.A.342
3,A,3.A.343
3,A,3.A.344
3,A,3.A.345
3,A,3.A.346
3,A,3.A.347
3,A,3.A.348
3,A,3.A.349
3,A,3.A.350
3,A,3.A.351
3,A,3.A.352
3,A,3.A.353
3,A,3.A.354
3,A,3.A.355
3,A,3.A.356
3,A,3.A.357
3,A,3.A.358
3,A,3.A.359
3,A,3.A.360
3,A,3.A.361
3,A,3.A.362
3,A,3.A.363
3,B,3.B.101
3,B,3.B.102
3,B,3.B.103
3,B,3.B.104
3,B,3.B.105
3,B,3.B.106
3,B,3.B.107 - FUTURE
3,B,3.B.108 - FUTURE
3,B,3.B.109
3,B,3.B.110
3,B,3.B.111
3,B,3.B.112
3,B,3.B.113
3,B,3.B.114
3,B,3.B.115
3,B,3.B.116
3,B,3.B.117
3,B,3.B.118
3,B,3.B.119
3,B,3.B.120
3,B,3.B.121
3,B,3.B.122
3,B,3.B.123
3,B,3.B.124
3,B,3.B.125
3,B,3.B.126
3,B,3.B.127
3,B,3.B.128
3,B,3.B.129
3,B,3.B.130
3,B,3.B.131
3,B,3.B.132
3,B,3.B.133
3,B,3.B.134
3,B,3.B.135
3,B,3.B.136
3,B,3.B.137
3,B,3.B.138
3,B,3.B.139
3,B,3.B.140
3,B,3.B.141
3,B,3.B.142
3,B,3.B.143
3,B,3.B.144
3,B,3.B.145
3,B,3.B.146
3,B,3.B.147
3,B,3.B.148
3,B,3.B.149
3,B,3.B.150
3,B,3.B.151
3,B,3.B.152
3,B,3.B.153
3,B,3.B.154
3,B,3.B.155
3,B,3.B.156
3,B,3.B.157
3,B,3.B.158
3,B,3.B.159
3,B,3.B.160
3,B,3.B.161
3,B,3.B.162
3,B,3.B.163
3,B,3.B.164
3,B,3.B.165
3,B,3.B.166
3,B,3.B.167
3,B,3.B.168
3,B,3.B.169
3,B,3.B.170
3,B,3.B.171
3,B,3.B.172
3,B,3.B.173
3,B,3.B.174
3,B,3.B.175
3,B,3.B.176
3,B,3.B.177
3,B,3.B.178
3,B,3.B.179
3,B,3.B.180
3,B,3.B.181
3,B,3.B.182
3,B,3.B.183
3,B,3.B.184
3,B,3.B.185
3,B,3.B.186
3,B,3.B.187
3,B,3.B.188
3,B,3.B.189
3,B,3.B.190
3,B,3.B.191
3,B,3.B.192
3,B,3.B.193
3,B,3.B.194
3,B,3.B.195
3,B,3.B.196
3,B,3.B.197
3,B,3.B.198
3,B,3.B.199
3,B,3.B.200
3,B,3.B.201
3,B,3.B.202
3,B,3.B.203
3,B,3.B.204
3,B,3.B.205
3,B,3.B.206 - FUTURE
3,B,3.B.207 - FUTURE
3,B,3.B.208
3,B,3.B.209
3,B,3.B.210
3,B,3.B.211
3,B,3.B.212
3,B,3.B.213
3,B,3.B.214
3,B,3.B.215
3,B,3.B.216
3,B,3.B.217
3,B,3.B.218
3,B,3.B.219
3,B,3.B.220
3,B,3.B.221
3,B,3.B.222
3,B,3.B.223
3,B,3.B.224
3,B,3.B.225
3,B,3.B.226
3,B,3.B.227
3,B,3.B.228
3,B,3.B.229
3,B,3.B.230
3,B,3.B.231
3,B,3.B.232
3,B,3.B.233
3,B,3.B.234
3,B,3.B.235
3,B,3.B.236
3,B,3.B.237
3,B,3.B.238
3,B,3.B.239
3,B,3.B.240
3,B,3.B.241
3,B,3.B.242
3,B,3.B.243
3,B,3.B.244
3,B,3.B.245
3,B,3.B.246
3,B,3.B.247
3,B,3.B.248
3,B,3.B.249
3,B,3.B.250
3,B,3.B.251
3,B,3.B.252
3,B,3.B.253
3,B,3.B.254
3,B,3.B.255
3,B,3.B.256
3,B,3.B.257
3,B,3.B.258
3,B,3.B.259
3,B,3.B.260
3,B,3.B.261
3,B,3.B.262
3,B,3.B.263
3,B,3.B.264
3,B,3.B.265
3,B,3.B.266
3,B,3.B.267
3,B,3.B.268
3,B,3.B.269
3,B,3.B.270
3,B,3.B.271
3,B,3.B.272
3,B,3.B.273
3,B,3.B.274
3,B,3.B.275
3,B,3.B.276
3,B,3.B.277
3,B,3.B.278
3,B,3.B.279
3,B,3.B.280
3,B,3.B.281
3,B,3.B.282
3,B,3.B.283
3,B,3.B.284
3,B,3.B.285
3,B,3.B.286
3,B,3.B.287
3,B,3.B.288
3,B,3.B.289
3,B,3.B.290
3,B,3.B.291
3,B,3.B.292
3,B,3.B.293
3,B,3.B.294
3,B,3.B.295
3,B,3.B.296
3,B,3.B.297
3,B,3.B.298
3,B,3.B.299
3,B,3.B.300
3,B,3.B.301
3,B,3.B.302
3,B,3.B.303
3,B,3.B.304
3,B,3.B.305
3,B,3.B.306
3,B,3.B.307
3,B,3.B.308 - FUTURE
3,B,3.B.309 - FUTURE
3,B,3.B.310
3,B,3.B.311
3,B,3.B.312
3,B,3.B.313
3,B,3.B.314
3,B,3.B.315
3,B,3.B.316
3,B,3.B.317
3,B,3.B.318
3,B,3.B.319
3,B,3.B.320
3,B,3.B.321
3,B,3.B.322
3,B,3.B.323
3,B,3.B.324
3,B,3.B.325
3,B,3.B.326
3,B,3.B.327
3,B,3.B.328
3,B,3.B.329
3,B,3.B.330
3,B,3.B.331
3,B,3.B.332
3,B,3.B.333
3,B,3.B.334
3,B,3.B.335
3,B,3.B.336
3,B,3.B.337
3,B,3.B.338
3,B,3.B.339
3,B,3.B.340
3,B,3.B.341
3,B,3.B.342
3,B,3.B.343
4,A,4.A.101
4,A,4.A.102
4,A,4.A.103
4,A,4.A.104
4,A,4.A.105
4,A,4.A.106
4,A,4.A.107
4,A,4.A.108
4,A,4.A.109
4,A,4.A.110
4,A,4.A.111
4,A,4.A.112
4,A,4.A.113
4,A,4.A.114 - FUTURE
4,A,4.A.115
4,A,4.A.116
4,A,4.A.117
4,A,4.A.118
4,A,4.A.119
4,A,4.A.120
4,A,4.A.121
4,A,4.A.122
4,A,4.A.123
4,A,4.A.124
4,A,4.A.125
4,A,4.A.126
4,A,4.A.127
4,A,4.A.128
4,A,4.A.129
4,A,4.A.130
4,A,4.A.131
4,A,4.A.132
4,A,4.A.133
4,A,4.A.134
4,A,4.A.135
4,A,4.A.136
4,A,4.A.137
4,A,4.A.138
4,A,4.A.139
4,A,4.A.140
4,A,4.A.141
4,A,4.A.142
4,A,4.A.143
4,A,4.A.144
4,A,4.A.145
4,A,4.A.146
4,A,4.A.147
4,A,4.A.148
4,A,4.A.149
4,A,4.A.150
4,A,4.A.151
4,A,4.A.152
4,A,4.A.153
4,A,4.A.154
4,A,4.A.155
4,A,4.A.156
4,A,4.A.157 - FUTURE
4,A,4.A.158 - FUTURE
4,A,4.A.159
4,A,4.A.160
4,A,4.A.161
4,A,4.A.162
4,A,4.A.163
4,A,4.A.164
4,A,4.A.165
4,A,4.A.166
4,A,4.A.167
4,A,4.A.168
4,A,4.A.169
4,A,4.A.170
4,A,4.A.171
4,A,4.A.172
4,A,4.A.173
4,A,4.A.174
4,A,4.A.175
4,A,4.A.176
4,A,4.A.177
4,A,4.A.178
4,A,4.A.179
4,A,4.A.180
4,A,4.A.181
4,A,4.A.182
4,A,4.A.183
4,A,4.A.184
4,A,4.A.185
4,A,4.A.186
4,A,4.A.187
4,A,4.A.188
4,A,4.A.189
4,A,4.A.190
4,A,4.A.191
4,A,4.A.192
4,A,4.A.193
4,A,4.A.194
4,A,4.A.195
4,A,4.A.196
4,A,4.A.197
4,A,4.A.198
4,A,4.A.199
4,A,4.A.200
4,A,4.A.201
4,A,4.A.202
4,A,4.A.203
4,A,4.A.204
4,A,4.A.205
4,A,4.A.206
4,A,4.A.207
4,A,4.A.208
4,A,4.A.209
4,A,4.A.210
4,A,4.A.211
4,A,4.A.212
4,A,4.A.213
4,A,4.A.214
4,A,4.A.215
4,A,4.A.216
4,A,4.A.217
4,A,4.A.218
4,A,4.A.219
4,A,4.A.220
4,A,4.A.221
4,A,4.A.222
4,A,4.A.223
4,A,4.A.224
4,A,4.A.225
4,A,4.A.226
4,A,4.A.227
4,A,4.A.228
4,A,4.A.229
4,A,4.A.230
4,A,4.A.231
4,A,4.A.232
4,A,4.A.233
4,A,4.A.234
4,A,4.A.235
4,A,4.A.236
4,A,4.A.237
4,A,4.A.238
4,A,4.A.239
4,A,4.A.240
4,A,4.A.241
4,A,4.A.242
4,A,4.A.243
4,A,4.A.244
4,A,4.A.245
4,A,4.A.246
4,A,4.A.247
4,A,4.A.248
4,A,4.A.249
4,A,4.A.250
4,A,4.A.251
4,A,4.A.252
4,A,4.A.253
4,A,4.A.254
4,A,4.A.255
4,A,4.A.256
4,A,4.A.257
4,A,4.A.258
4,A,4.A.259
4,A,4.A.260
4,A,4.A.261
4,A,4.A.262
4,A,4.A.263
4,A,4.A.264
4,A,4.A.265
4,A,4.A.266
4,A,4.A.267
4,A,4.A.268
4,A,4.A.269
4,A,4.A.270
4,A,4.A.271
4,A,4.A.272
4,A,4.A.273
4,A,4.A.274
4,A,4.A.275
4,A,4.A.276
4,A,4.A.277
4,A,4.A.278
4,A,4.A.279
4,A,4.A.280
4,A,4.A.281
4,A,4.A.282
4,A,4.A.283
4,B,4.B.101
4,B,4.B.102
4,B,4.B.103
4,B,4.B.104
4,B,4.B.105
4,B,4.B.106
4,B,4.B.107
4,B,4.B.108
4,B,4.B.109
4,B,4.B.110
4,B,4.B.111
4,B,4.B.112
4,B,4.B.113
4,B,4.B.114
4,B,4.B.115
4,B,4.B.116
4,B,4.B.117
4,B,4.B.118
4,B,4.B.119
4,B,4.B.120
4,B,4.B.121
4,B,4.B.122
4,B,4.B.123
4,B,4.B.124
4,B,4.B.125
4,B,4.B.126
4,B,4.B.127
4,B,4.B.128
4,B,4.B.129
4,B,4.B.130
4,B,4.B.131
4,B,4.B.132
4,B,4.B.133
4,B,4.B.134
4,B,4.B.135
4,B,4.B.136
4,B,4.B.137
4,B,4.B.138
4,B,4.B.139
4,B,4.B.140
4,B,4.B.141
4,B,4.B.142
4,B,4.B.143
4,B,4.B.144
4,B,4.B.145
4,B,4.B.146 - FUTURE
4,B,4.B.147 - FUTURE
4,B,4.B.148
4,B,4.B.149
4,B,4.B.150
4,B,4.B.151
4,B,4.B.152
4,B,4.B.153
4,B,4.B.154
4,B,4.B.155
4,B,4.B.156
4,B,4.B.157
4,B,4.B.158
4,B,4.B.159
4,B,4.B.160
4,B,4.B.161
4,B,4.B.162
4,B,4.B.163
4,B,4.B.164
4,B,4.B.165
4,B,4.B.166
4,B,4.B.167
4,B,4.B.168
4,B,4.B.169
4,B,4.B.170
4,B,4.B.171
4,B,4.B.172
4,B,4.B.173
4,B,4.B.174
4,B,4.B.175
4,B,4.B.176
4,B,4.B.177
4,B,4.B.178
4,B,4.B.179
4,B,4.B.180
4,B,4.B.181
4,B,4.B.182
4,B,4.B.183
4,B,4.B.184
4,B,4.B.185
4,B,4.B.186
4,B,4.B.187
4,B,4.B.188
4,B,4.B.189
4,B,4.B.190
4,B,4.B.191
4,B,4.B.192
4,B,4.B.193
4,B,4.B.194
4,B,4.B.195
4,B,4.B.196
4,B,4.B.197
4,B,4.B.198
4,B,4.B.199
4,B,4.B.200
4,B,4.B.201
4,B,4.B.202
4,B,4.B.203
4,B,4.B.204
4,B,4.B.205
4,B,4.B.206
4,B,4.B.207
4,B,4.B.208
4,B,4.B.209
4,B,4.B.210
4,B,4.B.211
4,B,4.B.212
4,B,4.B.213
4,B,4.B.214 - FUTURE
4,B,4.B.215 - FUTURE
4,B,4.B.216
4,B,4.B.217
4,B,4.B.218
4,B,4.B.219
4,B,4.B.220
4,B,4.B.221
4,B,4.B.222
4,B,4.B.223
4,B,4.B.224
4,B,4.B.225
4,B,4.B.226
4,B,4.B.227
4,B,4.B.228
4,B,4.B.229
4,B,4.B.230
4,B,4.B.231
4,B,4.B.232
4,B,4.B.233
4,B,4.B.234
4,B,4.B.235
4,B,4.B.236
4,B,4.B.237
4,B,4.B.238
4,B,4.B.239
4,B,4.B.240
4,B,4.B.241
4,B,4.B.242
4,B,4.B.243
4,B,4.B.244
4,B,4.B.245 - FUTURE
4,B,4.B.246 - FUTURE
4,B,4.B.247
4,B,4.B.248
4,B,4.B.249
4,B,4.B.250
4,B,4.B.251
4,B,4.B.252
4,B,4.B.253
4,B,4.B.254
4,B,4.B.255
4,B,4.B.256
4,B,4.B.257
4,B,4.B.258
4,B,4.B.259
4,B,4.B.260
4,B,4.B.261
4,B,4.B.262
4,B,4.B.263
4,B,4.B.264
4,B,4.B.265
4,B,4.B.266
